Sample Name,Baseline _Nasal_Total_Retinal_Thickness_millimeter,Baseline _Nasal_Choroidal_Thickness_millimeter,End_of_Hindlimb_Unloading_Nasal_Total_Retinal_Thickness_millimeter,End_of_Hindlimb_Unloading_Nasal_Choroidal_Thickness_millimeter,End_of_Recovery_Nasal_Total_Retinal_Thickness_millimeter,End_of_Recovery_Nasal_Choroidal_Thickness_millimeter,Baseline _Temporal_Total_Retinal_Thickness_millimeter,Baseline _Temporal_Choroidal_Thickness_millimeter,End_of_Hindlimb_Unloading_Temporal_Total_Retinal_Thickness_millimeter,End_of_Hindlimb_Unloading_Temporal_Choroidal_Thickness_millimeter,End_of_Recovery_Temporal_Total_Retinal_Thickness_millimeter,End_of_Recovery_Temporal_Choroidal_Thickness_millimeter,Baseline _Linear_Total_Retinal_Thickness_millimeter,Baseline _Linear_Choroidal_Thickness_millimeter,End_of_Hindlimb_Unloading_Linear_Total_Retinal_Thickness_millimeter,End_of_Hindlimb_Unloading_Linear_Choroidal_Thickness_millimeter,End_of_Recovery_Linear_Total_Retinal_Thickness_millimeter,End_of_Recovery_Linear_Choroidal_Thickness_millimeter,,,,,
MT305_OD,0.185,0.052,,,,,0.176,0.055,,,,,0.179,0.056,,,,,,,,,
MT306_OD,0.194,0.059,,,,,0.189,0.059,,,,,0.185,0.061,,,,,,,,,
MT307_OD,0.194,0.053,,,,,0.192,0.057,,,,,0.175,0.052,,,,,,,,,
MT308_OD,0.204,0.04,,,,,0.194,0.043,,,,,0.198,0.049,,,,,,,,,
MT309_OD,0.198,0.055,,,,,0.194,0.053,,,,,0.195,0.059,,,,,,,,,
MT310_OD,0.198,0.047,,,,,0.194,0.047,,,,,0.186,0.056,,,,,,,,,
MT305_OS,0.182,0.056,,,,,0.185,0.067,,,,,0.18,0.056,,,,,,,,,
MT306_OS,0.204,0.059,,,,,0.203,0.053,,,,,0.204,0.061,,,,,,,,,
MT307_OS,0.204,0.046,,,,,0.197,0.048,,,,,0.198,0.055,,,,,,,,,
MT308_OS,0.192,0.043,,,,,0.201,0.047,,,,,0.194,0.053,,,,,,,,,
MT309_OS,0.189,0.064,,,,,0.198,0.061,,,,,0.2,0.052,,,,,,,,,
MT310_OS,0.197,0.044,,,,,0.207,0.058,,,,,0.198,0.053,,,,,,,,,
MT51_OD,0.231,0.054,0.228,0.052,,,0.226,0.053,0.226,0.051,,,0.201,0.063,0.209,0.056,,,,,,,
MT56_OD,0.235,0.05,0.241,0.059,,,0.228,0.054,0.23,0.56,,,0.23,0.56,0.231,0.054,,,,,,,
MT59_OD,0.214,0.043,0.211,0.045,,,0.21,0.043,0.212,0.046,,,0.215,0.052,0.194,0.049,,,,,,,
MT51_OS,0.219,0.068,0.22,0.06,,,0.214,0.064,0.227,0.058,,,0.193,0.069,0.208,0.061,,,,,,,
MT56_OS,0.233,0.046,0.224,0.053,,,0.23,0.059,0.217,0.053,,,0.228,0.055,0.216,0.055,,,,,,,
MT59_OS,0.213,0.043,0.206,0.043,,,0.204,0.053,0.204,0.048,,,0.214,0.053,0.207,0.046,,,,,,,
MT66_OD,0.213,0.053,0.21,0.056,,,0.209,0.051,0.207,0.05,,,0.204,0.052,0.208,0.055,,,,,,,
MT70_OD,0.2,0.042,0.133,0.049,,,0.19,0.042,0.153,0.033,,,0.199,0.049,0.106,0.047,,,,,,,
MT76_OD,0.21,0.043,0.199,0.047,,,0.214,0.049,0.21,0.044,,,0.214,0.051,0.204,0.054,,,,,,,
MT74_OD,0.215,0.045,0.209,0.05,,,0.211,0.047,0.204,0.042,,,0.209,0.052,0.203,0.051,,,,,,,
MT78_OD,0.204,0.034,0.191,0.054,,,0.203,0.039,0.192,0.047,,,0.205,0.052,0.179,0.048,,,,,,,
MT80_OD,0.222,0.053,0.2,0.048,,,0.21,0.048,0.202,0.046,,,0.211,0.063,0.2,0.049,,,,,,,
MT66_OS,0.209,0.042,0.2,0.043,,,0.214,0.046,0.21,0.048,,,0.217,0.056,0.219,0.055,,,,,,,
MT70_OS,0.214,0.044,0.208,0.042,,,0.2,0.048,0.209,0.049,,,0.197,0.05,0.163,0.046,,,,,,,
MT76_OS,,,0.199,0.046,,,0.213,0.05,0.201,0.05,,,0.213,0.046,0.197,0.053,,,,,,,
MT74_OS,0.213,0.045,0.196,0.044,,,0.217,0.049,0.204,0.041,,,0.218,0.056,0.21,0.052,,,,,,,
MT78_OS,0.188,0.042,,,,,0.188,0.042,,,,,0.184,0.045,0.184,0.048,,,,,,,
MT80_OS,0.207,0.049,0.198,0.047,,,0.215,0.048,0.197,0.044,,,0.211,0.058,0.199,0.063,,,,,,,
MT65_OD,0.216,0.049,,,,,0.21,0.049,,,,,0.212,0.051,,,,,,,,,
MT68_OD,0.22,0.053,0.213,0.04,,,0.22,0.05,0.205,0.043,,,0.211,0.052,0.204,0.049,,,,,,,
MT71_OD,0.218,0.05,0.214,0.044,,,0.209,0.048,0.212,0.043,,,0.214,0.049,0.209,0.046,,,,,,,
MT73_OD,0.195,0.048,0.196,0.043,,,0.191,0.047,0.19,0.04,,,0.19,0.051,0.19,0.043,,,,,,,
MT75_OD,0.209,0.046,0.205,0.045,,,0.21,0.044,0.196,0.046,,,0.208,0.047,0.205,0.05,,,,,,,
MT79_OD,0.212,0.048,0.202,0.048,,,0.205,0.046,0.225,0.043,,,0.212,0.054,0.19,0.05,,,,,,,
MT82_OD,0.218,0.049,0.209,0.046,,,0.219,0.054,0.208,0.04,,,0.214,0.045,0.213,0.042,,,,,,,
MT65_OS,0.212,0.05,,,,,0.215,0.051,,,,,0.214,0.056,,,,,,,,,
MT68_OS,0.214,0.039,0.203,0.047,,,0.216,0.052,0.209,0.046,,,0.213,0.054,0.209,0.048,,,,,,,
MT71_OS,0.202,0.049,0.202,0.04,,,0.217,0.049,0.215,0.04,,,0.21,0.058,0.206,0.045,,,,,,,
MT73_OS,0.198,0.042,0.193,0.04,,,0.2,0.043,0.196,0.044,,,0.199,0.042,0.197,0.046,,,,,,,
MT75_OS,0.211,0.04,0.208,0.044,,,0.209,0.04,0.205,0.048,,,0.207,0.043,0.212,0.049,,,,,,,
MT79_OS,0.21,0.048,0.189,0.038,,,0.211,0.044,0.165,0.036,,,0.211,0.054,0.105,0.047,,,,,,,
MT82_OS,0.214,0.041,0.207,0.04,,,0.22,0.055,0.215,0.048,,,0.209,0.05,0.216,0.046,,,,,,,
MT05_OD,0.217,0.051,0.207,0.046,,,0.208,0.048,0.202,0.043,,,0.208,0.055,0.21,0.052,,,,,,,
MT01_OD,,0.047,0.219,0.049,,,0.231,0.05,0.218,0.054,,,0.219,0.052,0.213,0.053,,,,,,,
MT63_OD,,,0.22,0.045,,,,,0.209,0.045,,,,,0.21,0.055,,,,,,,
MT05_OS,0.225,0.047,,,,,0.231,0.05,,,,,0.219,0.053,,,,,,,,,
MT01_OS,,,0.216,0.046,,,,,0.223,0.048,,,,,0.215,0.05,,,,,,,
MT63_OS,,,0.206,0.043,,,,,0.219,0.047,,,,,0.204,0.049,,,,,,,
MT08_OD,0.221,0.048,0.219,0.052,,,0.2,0.05,0.2,0.053,,,0.215,0.054,0.215,0.059,,,,,,,
MT18_OD,0.219,0.053,0.199,0.052,,,0.223,0.046,0.121,0.044,,,0.221,0.057,0.172,0.043,,,,,,,
MT64_OD,0.215,0.044,,,,,0.209,0.041,,,,,0.205,0.045,,,,,,,,,
MT08_OS,0.22,0.05,0.215,0.056,,,0.218,0.053,0.211,0.048,,,0.214,0.053,0.215,0.058,,,,,,,
MT18_OS,0.213,0.047,0.197,0.043,,,0.216,0.05,0.206,0.045,,,0.218,0.054,0.198,0.048,,,,,,,
MT64_OS,0.219,0.042,,,,,0.215,0.044,,,,,0.211,0.046,,,,,,,,,
MT09_OD,0.231,0.048,0.2,0.047,,,0.212,0.05,0.204,0.042,,,0.213,0.057,0.194,0.042,,,,,,,
MT04_OD,0.225,0.045,0.215,0.045,,,0.217,0.04,0.201,0.041,,,0.223,0.053,0.217,0.056,,,,,,,
MT05_OD,0.219,0.053,0.207,0.045,,,0.216,0.055,0.201,0.043,,,0.216,0.046,0.208,0.053,,,,,,,
MT17_OD,0.219,0.046,0.193,0.039,,,0.21,0.053,0.194,0.034,,,0.214,0.053,0.195,0.041,,,,,,,
MT21_OD,0.234,0.051,0.215,0.042,,,0.228,0.05,0.222,0.036,,,0.219,0.057,0.21,0.04,,,,,,,
MT23_OD,0.225,0.057,0.201,0.044,,,0.22,0.049,0.195,0.041,,,0.219,0.054,0.198,0.048,,,,,,,
MT02_OD,0.214,0.047,0.194,0.04,,,0.209,0.053,0.19,0.047,,,0.215,0.056,0.192,0.043,,,,,,,
MT54_OD,0.21,0.052,0.196,0.041,,,0.208,0.052,0.187,0.043,,,0.213,0.055,0.187,0.056,,,,,,,
MT09_OS,0.221,0.044,,,,,0.214,0.048,,,,,0.212,0.058,,,,,,,,,
MT04_OS,0.228,0.047,0.196,0.043,,,0.217,0.048,0.22,0.042,,,0.213,0.056,0.196,0.048,,,,,,,
MT05_OS,0.229,0.047,0.207,0.042,,,0.222,0.053,0.214,0.048,,,0.223,0.055,0.214,0.051,,,,,,,
MT17_OS,0.203,0.052,0.187,0.039,,,,,0.192,0.046,,,0.203,0.055,0.194,0.044,,,,,,,
MT21_OS,0.223,0.058,0.201,0.039,,,0.228,0.054,0.207,0.04,,,0.225,0.058,0.213,0.042,,,,,,,
MT23_OS,0.214,0.052,0.195,0.042,,,0.212,0.047,0.194,0.046,,,0.211,0.055,0.187,0.04,,,,,,,
MT02_OS,,,0.186,0.05,,,,,0.195,0.05,,,0.21,0.054,0.183,0.051,,,,,,,
MT54_OS,0.206,0.049,,,,,0.209,0.054,,,,,0.207,0.054,,,,,,,,,
MT13_OD,0.211,0.044,0.207,0.042,,,0.217,0.05,0.202,0.052,,,0.218,0.054,0.207,0.054,,,,,,,
MT14_OD,0.225,0.055,0.203,0.047,,,0.219,0.052,0.202,0.048,,,0.219,0.047,0.205,0.052,,,,,,,
MT15_OD,0.223,0.058,0.189,0.042,,,0.224,0.048,0.199,0.044,,,0.218,0.06,0.189,0.049,,,,,,,
MT16_OD,0.195,0.06,0.189,0.049,,,0.2,0.05,0.181,0.047,,,0.196,0.049,0.187,0.048,,,,,,,
MT28_OD,0.226,0.059,0.208,0.048,,,0.209,0.042,0.185,0.054,,,0.21,0.059,0.199,0.053,,,,,,,
MT32_OD,0.216,0.051,0.21,0.051,,,0.223,0.055,0.2,0.053,,,0.226,0.051,0.206,0.054,,,,,,,
MT39_OD,0.218,0.058,0.201,0.045,,,0.219,0.061,0.2,0.048,,,0.217,0.061,0.201,0.046,,,,,,,
MT37_OD,0.195,0.052,0.196,0.056,,,0.207,0.05,0.192,0.049,,,0.199,0.05,0.198,0.049,,,,,,,
MT13_OS,0.213,0.043,0.196,0.045,,,0.211,0.044,0.196,0.045,,,0.21,0.052,0.206,0.048,,,,,,,
MT14_OS,0.218,0.047,,,,,0.229,0.049,,,,,0.219,0.053,,,,,,,,,
MT15_OS,0.212,0.048,0.189,0.042,,,0.208,0.053,0.199,0.044,,,0.206,0.056,0.189,0.049,,,,,,,
MT16_OS,0.214,0.051,0.177,0.039,,,0.206,0.05,0.187,0.045,,,0.208,0.055,0.18,0.043,,,,,,,
MT28_OS,0.211,0.05,0.195,0.053,,,0.221,0.06,0.199,0.047,,,0.209,0.059,0.195,0.055,,,,,,,
MT32_OS,0.22,0.049,0.211,0.05,,,0.231,0.047,0.215,0.048,,,0.218,0.064,0.213,0.062,,,,,,,
MT39_OS,0.225,0.054,0.203,0.045,,,0.219,0.06,0.207,0.046,,,0.219,0.051,0.198,0.042,,,,,,,
MT37_OS,0.2,0.054,0.188,0.046,,,0.213,0.046,0.187,0.052,,,0.201,0.058,0.188,0.049,,,,,,,
MT267_OD,0.219,0.049,0.201,0.044,0.2,0.052,0.21,0.047,0.198,0.042,0.201,0.043,0.217,0.056,0.197,0.044,0.195,0.046,,,,,
MT269_OD,0.219,0.047,0.217,0.055,0.217,0.055,0.217,0.047,0.213,0.047,0.201,0.055,0.215,0.055,0.211,0.047,0.203,0.059,,,,,
MT270_OD,0.216,0.055,0.209,0.052,0.206,0.053,0.21,0.049,0.21,0.05,0.2,0.046,0.216,0.055,0.198,0.049,0.204,0.047,,,,,
MT267_OS,0.214,0.047,0.201,0.052,0.197,0.044,0.226,0.052,0.203,0.052,0.201,0.044,0.213,0.053,0.192,0.05,0.194,0.046,,,,,
MT269_OS,0.211,0.047,0.2,0.05,0.197,0.05,0.211,0.047,0.207,0.056,0.197,0.046,0.213,0.055,0.204,0.043,0.197,0.053,,,,,
MT270_OS,0.201,0.043,0.207,0.055,0.201,0.055,0.21,0.056,0.206,0.052,0.204,0.053,0.198,0.053,0.195,0.062,0.197,0.056,,,,,
MT278_OD,0.22,0.052,0.204,0.055,0.207,0.053,0.213,0.047,0.197,0.047,0.2,0.044,0.207,0.049,0.197,0.055,0.198,0.056,,,,,
MT279_OD,0.214,0.046,0.207,0.043,0.209,0.053,0.206,0.052,0.195,0.058,0.2,0.052,0.206,0.061,0.197,0.052,0.201,0.052,,,,,
MT280_OD,,,0.216,0.05,0.203,0.05,,,0.21,0.056,0.207,0.053,0.206,0.052,0.204,0.055,0.197,0.052,,,,,
MT278_OS,0.207,0.043,0.2,0.04,0.201,0.05,0.211,0.048,0.203,0.041,0.204,0.05,0.206,0.053,0.198,0.047,0.194,0.049,,,,,
MT279_OS,0.213,0.049,0.204,0.052,0.198,0.05,0.209,0.062,0.2,0.046,0.204,0.059,0.214,0.053,0.198,0.055,0.189,0.053,,,,,
MT280_OS,0.21,0.051,0.198,0.049,0.201,0.05,0.211,0.058,0.197,0.05,0.203,0.059,0.198,0.055,0.198,0.061,0.203,0.059,,,,,
MT259_OD,0.209,0.059,0.194,0.049,0.198,0.053,0.206,0.048,0.194,0.043,0.194,0.06,0.211,0.05,0.192,0.052,0.195,0.05,,,,,
MT261_OD,,,0.204,0.049,0.206,0.055,0.211,0.055,0.207,0.058,0.197,0.05,0.198,0.059,0.191,0.049,0.198,0.049,,,,,
MT263_OD,0.198,0.052,0.192,0.046,0.198,0.056,0.201,0.047,0.183,0.05,0.188,0.05,0.204,0.04,0.189,0.046,0.189,0.053,,,,,
MT264_OD,0.211,0.048,0.203,0.05,0.213,0.055,0.209,0.044,0.194,0.052,0.203,0.05,0.206,0.053,0.188,0.044,0.197,0.044,,,,,
MT265_OD,0.213,0.05,0.211,0.053,0.213,0.047,0.217,0.046,0.204,0.047,0.209,0.047,0.203,0.056,0.194,0.046,0.189,0.044,,,,,
MT266_OD,,,0.207,0.055,0.195,0.052,,,0.206,0.047,0.198,0.047,0.209,0.049,0.188,0.058,0.2,0.044,,,,,
MT259_OS,0.203,0.052,0.197,0.043,0.199,0.057,0.209,0.055,0.185,0.045,0.194,0.05,0.204,0.056,0.183,0.05,0.11,0.055,,,,,
MT261_OS,0.225,0.05,0.195,0.049,0.203,0.052,0.217,0.053,0.206,0.053,0.21,0.047,0.212,0.047,0.191,0.046,0.195,0.058,,,,,
MT263_OS,0.204,0.049,0.194,0.05,0.188,0.044,0.209,0.059,0.192,0.055,0.2,0.055,0.2,0.053,0.188,0.049,0.188,0.059,,,,,
MT264_OS,0.216,0.052,0.203,0.061,0.218,0.053,0.217,0.049,0.203,0.056,0.21,0.05,0.213,0.044,0.154,0.059,0.17,0.051,,,,,
MT265_OS,0.211,0.046,0.2,0.049,0.197,0.053,0.225,0.052,0.204,0.053,0.204,0.05,0.21,0.049,0.203,0.05,0.2,0.47,,,,,
MT266_OS,,,0.192,0.049,0.195,0.047,,,0.192,0.049,0.194,0.052,,,0.186,0.058,0.197,0.049,,,,,
MT271_OD,0.204,0.049,,,0.2,0.055,0.198,0.052,,,0.192,0.043,0.198,0.052,0.189,0.055,0.192,0.053,,,,,
MT272_OD,0.2,0.054,0.203,0.048,0.195,0.047,0.203,0.059,0.191,0.059,0.192,0.055,0.204,0.059,0.19,0.057,0.164,0.062,,,,,
MT273_OD,0.21,0.043,0.201,0.05,0.209,0.052,0.207,0.058,0.195,0.047,0.198,0.05,0.21,0.053,0.203,0.05,0.2,0.044,,,,,
MT274_OD,0.203,0.051,0.198,0.044,0.195,0.055,0.188,0.042,0.189,0.041,0.179,0.05,0.212,0.049,0.197,0.058,0.186,0.041,,,,,
MT275_OD,0.209,0.052,0.221,0.053,0.206,0.052,0.207,0.047,0.189,0.053,0.203,0.049,0.209,0.052,0.197,0.053,0.197,0.044,,,,,
MT276_OD,0.209,0.044,0.197,0.054,0.2,0.046,0.213,0.047,0.203,0.058,0.192,0.044,0.206,0.059,0.191,0.05,0.2,0.047,,,,,
MT277_OD,0.217,0.05,0.216,0.049,0.21,0.052,0.209,0.05,0.2,0.049,0.204,0.05,0.211,0.047,0.209,0.05,0.207,0.048,,,,,
MT271_OS,0.206,0.044,0.183,0.052,0.188,0.052,0.197,0.059,0.2,0.05,0.204,0.052,0.207,0.05,0.185,0.059,0.18,0.049,,,,,
MT272_OS,0.213,0.061,,,0.201,0.053,0.211,0.058,,,0.163,0.049,0.219,0.052,0.095,0.056,0.126,0.043,,,,,
MT273_OS,0.213,0.055,0.206,0.05,0.207,0.047,0.21,0.05,0.2,0.49,0.214,0.052,0.204,0.052,,,0.204,0.048,,,,,
MT274_OS,,,0.192,0.053,0.198,0.047,,,0.192,0.052,0.213,0.055,0.207,0.05,0.182,0.046,0.195,0.044,,,,,
MT275_OS,0.209,0.042,0.207,0.043,0.21,0.053,0.209,0.055,0.213,0.047,0.209,0.059,0.216,0.049,0.203,0.052,0.204,0.05,,,,,
MT276_OS,0.223,0.044,0.206,0.05,0.207,0.048,0.216,0.047,0.216,0.051,0.207,0.05,0.212,0.046,0.096,0.055,0.198,0.052,,,,,
MT277_OS,0.216,0.047,0.201,0.059,0.223,0.04,0.211,0.044,0.213,0.064,0.206,0.046,0.209,0.058,0.188,0.053,0.18,0.052,,,,,
MT07_OD,0.208,0.059,0.21,0.047,0.209,0.054,0.208,0.056,0.206,0.041,0.195,0.047,0.207,0.058,0.203,0.051,0.202,0.052,,,,,
MT25_OD,0.221,0.05,0.202,0.048,0.197,0.048,0.209,0.053,0.189,0.047,0.186,0.046,0.215,0.067,0.199,0.053,0.191,0.05,,,,,
MT35_OD,0.197,0.05,0.193,0.044,0.184,0.041,0.197,0.05,0.188,0.047,0.178,0.045,0.199,0.06,0.197,0.051,0.18,0.052,,,,,
MT07_OS,0.21,0.05,0.102,0.039,0.084,0.036,0.21,0.05,0.084,0.041,0.088,0.046,0.214,0.052,0.082,0.043,0.072,0.05,,,,,
MT25_OS,0.202,0.054,0.193,0.041,0.194,0.045,0.21,0.051,0.202,0.041,0.184,0.049,0.21,0.067,0.19,0.046,0.182,0.052,,,,,
MT35_OS,0.196,0.054,0.19,0.048,0.183,0.046,0.192,0.046,0.192,0.045,0.184,0.044,0.188,0.053,0.18,0.047,0.194,0.049,,,,,
MT24_OS,0.21,0.042,,,0.21,0.045,0.198,0.041,,,0.199,0.046,0.205,0.052,,,0.204,0.047,,,,,
MT36_OS,0.231,0.046,,,0.213,0.041,0.218,0.048,,,0.205,0.046,0.22,0.056,,,0.213,0.046,,,,,
MT42_OS,,,,,0.201,0.041,,,,,0.189,0.047,,,,,0.198,0.055,,,,,
MT24_OS,0.204,0.044,,,0.204,0.042,0.21,0.053,,,0.209,0.045,0.204,0.052,,,0.207,0.05,,,,,
MT36_OS,0.223,0.049,,,0.214,0.048,0.228,0.05,,,0.208,0.051,0.219,0.051,,,0.207,0.051,,,,,
MT42_OS,,,,,0.192,0.05,,,,,0.193,0.05,,,,,0.189,0.056,,,,,
MT149_OD,0.22,0.055,0.197,0.05,0.192,0.049,0.022,0.041,0.197,0.055,0.197,0.043,0.21,0.047,0.203,0.06,0.192,0.049,,,,,
MT151_OD,0.211,0.049,0.189,0.055,0.191,0.053,0.204,0.053,0.179,0.56,0.185,0.049,0.203,0.047,0.186,0.05,0.18,0.047,,,,,
MT153_OD,0.204,0.053,0.183,0.052,0.185,0.05,0.201,0.05,0.183,0.049,0.185,0.05,0.203,0.047,0.185,0.06,0.185,0.059,,,,,
MT155_OD,0.217,0.058,0.179,0.061,0.188,0.061,0.219,0.056,0.183,0.051,0.175,0.06,0.206,0.055,0.185,0.058,0.179,0.056,,,,,
MT158_OD,0.222,0.047,0.198,0.044,0.192,0.046,0.216,0.047,0.194,0.041,0.203,0.049,0.21,0.047,0.191,0.052,0.191,0.054,,,,,
MT297_OD,0.213,0.048,0.189,0.059,,,0.206,0.047,0.188,0.05,0.186,0.05,0.194,0.044,0.195,0.047,0.192,0.052,,,,,
MT299_OD,0.219,0.05,0.197,0.049,,,0.213,0.046,0.203,0.05,,,0.204,0.058,0.188,0.05,0.192,0.047,,,,,
MT301_OD,0.22,0.052,0.21,0.036,0.195,0.05,0.216,0.05,0.192,0.044,0.194,0.048,0.209,0.053,0.197,0.194,0.044,,,,,,
MT149_OS,0.203,0.05,0.192,0.053,0.195,0.064,0.209,0.04,0.201,0.049,0.206,0.056,0.213,0.04,0.18,0.058,0.194,0.052,,,,,
MT151_OS,,,,,0.18,0.05,0.207,0.05,0.197,0.055,0.179,0.044,0.203,0.052,0.184,0.056,0.183,0.049,,,,,
MT153_OS,0.204,0.049,0.185,0.05,0.179,0.05,0.217,0.052,0.194,0.049,0.192,0.047,0.206,0.047,0.177,0.047,0.179,0.05,,,,,
MT155_OS,0.211,0.053,0.188,0.051,0.183,0.053,0.201,0.059,0.18,0.059,0.186,0.061,0.203,0.05,0.186,0.06,0.188,0.061,,,,,
MT158_OS,0.222,0.052,,,0.195,0.047,0.22,0.055,,,0.195,0.047,0.212,0.052,0.195,0.056,0.188,0.05,,,,,
MT297_OS,0.201,0.055,0.189,0.047,,,0.207,0.056,0.195,0.052,,,0.204,0.056,0.191,0.055,0.2,0.06,,,,,
MT299_OS,0.21,0.053,0.195,0.049,0.195,0.053,0.215,0.053,0.211,0.055,0.201,0.058,0.209,0.059,0.136,0.06,0.195,0.05,,,,,
MT301_OS,0.211,0.045,0.189,0.056,0.197,0.046,0.218,0.047,0.207,0.055,0.201,0.045,0.219,0.047,0.192,0.047,0.197,0.05,,,,,
MT150_OD,0.219,0.5,0.203,0.059,0.213,0.06,0.212,0.44,0.192,0.052,0.2,0.043,0.212,0.58,0.204,0.061,0.213,0.055,,,,,
MT152_OD,,,0.197,0.056,0.192,0.052,,,0.195,0.052,0.191,0.05,0.209,0.059,0.197,0.058,0.183,0.067,,,,,
MT154_OD,0.203,0.053,0.191,0.056,0.192,0.053,0.201,0.052,0.194,0.05,0.192,0.047,0.2,0.055,0.192,0.05,0.198,0.055,,,,,
MT157_OD,0.209,0.056,0.185,0.058,0.188,0.055,0.206,0.052,0.186,0.055,0.176,0.051,,,0.185,0.053,0.185,0.052,,,,,
MT161_OD,0.211,0.044,0.201,0.05,0.203,0.05,0.216,0.046,0.189,0.048,0.197,0.053,,,0.186,0.05,0.2,0.05,,,,,
MT293_OD,0.213,0.056,0.195,0.053,0.201,0.058,0.213,0.044,0.191,0.049,0.201,0.052,0.207,0.055,0.191,0.052,0.204,0.055,,,,,
MT296_OD,0.211,0.053,0.192,0.047,0.195,0.052,0.206,0.044,0.19,0.046,0.191,0.05,0.207,0.055,0.192,0.049,0.188,0.056,,,,,
MT302_OD,0.215,0.046,0.204,0.056,,,0.209,0.044,0.191,0.044,,,0.214,0.052,0.197,0.049,0.195,0.052,,,,,
MT303_OD,0.22,0.047,0.2,0.055,,,0.214,0.059,0.186,0.056,,,0.209,0.05,0.186,0.061,0.182,0.064,,,,,
MT150_OS,0.212,0.052,0.209,0.058,,,0.214,0.05,0.207,0.053,,,0.211,0.056,0.195,0.064,0.203,0.058,,,,,
MT152_OS,,,0.197,0.053,0.191,0.05,,,0.203,0.052,0.194,0.059,0.21,0.052,0.19,0.059,0.186,0.059,,,,,
MT154_OS,0.192,0.047,,,,,0.194,0.053,,,,,0.203,0.058,0.194,0.065,0.193,0.061,,,,,
MT157_OS,0.201,0.05,0.183,0.055,,,0.201,0.05,0.183,0.05,,,0.203,0.053,0.192,0.058,0.18,0.059,,,,,
MT161_OS,,,0.2,0.054,0.195,0.056,,,0.203,0.052,0.201,0.056,0.214,0.055,0.189,0.046,0.182,0.053,,,,,
MT293_OS,0.21,0.047,0.197,0.047,0.192,0.047,0.211,0.055,0.194,0.061,0.201,0.049,0.201,0.047,0.195,0.047,0.194,0.055,,,,,
MT296_OS,,,0.18,0.052,0.207,0.053,,,0.186,0.053,0.182,0.055,0.204,0.056,0.188,0.056,0.192,0.058,,,,,
MT302_OS,0.204,0.05,0.197,0.052,,,0.21,0.047,0.203,0.047,,,0.203,0.052,0.185,0.056,0.183,0.059,,,,,
MT303_OS,0.213,0.05,0.189,0.044,0.197,0.058,0.211,0.04,0.204,0.046,0.197,0.048,0.201,0.05,0.18,0.053,0.189,0.061,,,,,
FT210_OD,0.198,0.043,,,,,0.189,0.041,,,,,0.201,0.048,,,,,,,,,
FT211_OD,0.186,0.04,,,,,0.194,0.046,,,,,0.204,0.049,,,,,,,,,
FT212_OD,0.194,0.048,,,,,0.196,0.048,,,,,0.201,0.05,,,,,,,,,
FT213_OD,0.195,0.047,,,,,0.195,0.05,,,,,0.199,0.05,,,,,,,,,
FT214_OD,0.194,0.049,,,,,0.194,0.05,,,,,0.203,0.051,,,,,,,,,
FT215_OD,0.195,0.049,,,,,0.193,0.043,,,,,0.201,0.049,,,,,,,,,
FT216_OD,0.198,0.046,,,,,0.188,0.044,,,,,0.201,0.049,,,,,,,,,
FT210_OS,0.19,0.044,,,,,0.187,0.048,,,,,0.198,0.046,,,,,,,,,
FT211_OS,0.189,0.049,,,,,0.185,0.047,,,,,0.202,0.046,,,,,,,,,
FT212_OS,0.186,0.046,,,,,0.185,0.043,,,,,0.2,0.05,,,,,,,,,
FT213_OS,0.185,0.047,,,,,0.188,0.049,,,,,0.199,0.049,,,,,,,,,
FT214_OS,0.192,0.05,,,,,0.194,0.049,,,,,0.198,0.048,,,,,,,,,
FT215_OS,0.197,0.049,,,,,,,,,,,0.204,0.052,,,,,,,,,
FT216_OS,0.198,0.047,,,,,0.195,0.049,,,,,0.0203,0.053,,,,,,,,,
FT31_OD,0.195,0.047,0.188,0.049,,,,,,,,,,,0.2,0.046,,,,,,,
FT28_OD,0.194,0.049,0.19,0.047,,,0.193,0.048,0.19,0.046,,,0.198,0.05,0.196,0.045,,,,,,,
FT09_OD,0.191,0.045,,,,,0.19,0.047,,,,,0.203,0.051,0.198,0.049,,,,,,,
FT07_OD,0.196,0.051,0.194,0.049,,,0.195,0.051,0.194,0.049,,,0.204,0.052,0.202,0.05,,,,,,,
FT06_OD,0.191,0.045,0.189,0.046,,,0.198,0.053,0.196,0.05,,,0.2,0.048,0.198,0.047,,,,,,,
FT29_OD,0.187,0.044,0.187,0.044,,,0.193,0.049,0.193,0.048,,,0.199,0.049,0.198,0.049,,,,,,,
FT32_OD,0.19,0.045,0.189,0.044,,,0.195,0.05,0.194,0.049,,,0.201,0.051,0.199,0.05,,,,,,,
FT38_OD,0.189,0.043,0.186,0.043,,,0.187,0.046,0.186,0.044,,,0.202,0.05,0.201,0.048,,,,,,,
FT31_OS,0.201,0.049,0.198,0.048,,,0.198,0.05,0.198,0.049,,,0.201,0.052,0.2,0.045,,,,,,,
FT28_OS,0.189,0.048,0.187,0.046,,,0.19,0.049,0.188,0.047,,,0.2,0.048,0.2,0.048,,,,,,,
FT09_OS,0.192,0.047,0.191,0.047,,,0.192,0.048,0.19,0.047,,,0.202,0.05,0.199,0.048,,,,,,,
FT07_OS,0.198,0.051,0.197,0.046,,,0.2,0.052,0.198,0.049,,,0.205,0.052,0.203,0.051,,,,,,,
FT06_OS,0.196,0.048,0.194,0.047,,,0.199,0.05,0.197,0.048,,,0.202,0.051,0.2,0.049,,,,,,,
FT29_OS,0.192,0.046,0.19,0.045,,,0.194,0.047,0.193,0.046,,,0.198,0.05,0.196,0.049,,,,,,,
FT32_OS,0.189,0.044,0.189,0.044,,,0.192,0.048,0.19,0.047,,,0.201,0.051,0.2,0.05,,,,,,,
FT38_OS,0.194,0.048,0.191,0.047,,,0.193,0.049,0.19,0.047,,,0.197,0.049,0.196,0.047,,,,,,,
FT08_OD,0.197,0.05,0.195,0.049,,,0.192,0.047,0.19,0.047,,,0.197,0.05,0.197,0.048,,,,,,,
FT12_OD,0.193,0.048,0.19,0.046,,,0.196,0.046,0.194,0.045,,,0.2,0.052,0.198,0.05,,,,,,,
FT09_OD,0.19,0.043,0.188,0.043,,,0.198,0.046,0.195,0.045,,,0.206,0.049,0.203,0.049,,,,,,,
FT22_OD,0.194,0.046,0.19,0.045,,,0.194,0.045,0.194,0.046,,,0.201,0.051,0.199,0.05,,,,,,,
FT23_OD,0.2,0.05,0.195,0.047,,,0.197,0.049,0.196,0.048,,,0.199,0.048,0.199,0.046,,,,,,,
FT25_OD,0.197,0.051,0.195,0.049,,,0.199,0.047,0.198,0.045,,,0.203,0.05,0.2,0.049,,,,,,,
FT30_OD,0.196,0.047,0.196,0.046,,,0.198,0.051,0.193,0.049,,,0.198,0.048,0.196,0.047,,,,,,,
FT35_OD,0.189,0.044,0.188,0.044,,,0.19,0.045,0.188,0.042,,,0.188,0.046,0.187,0.048,,,,,,,
FT10_OD,0.2,0.049,0.201,0.047,,,0.2,0.052,0.196,0.05,,,0.2,0.048,0.0198,0.047,,,,,,,
FT14_OD,0.187,0.043,0.184,0.041,,,0.19,0.044,0.186,0.044,,,0.195,0.046,0.194,0.044,,,,,,,
FT24_OD,0.19,0.046,0.189,0.044,,,0.188,0.043,0.188,0.043,,,0.198,0.048,0.197,0.046,,,,,,,
FT26_OD,0.184,0.045,0.181,0.044,,,0.186,0.045,0.183,0.044,,,0.196,0.045,0.195,0.045,,,,,,,
FT27_OD,0.182,0.046,0.179,0.045,,,0.197,0.048,0.196,0.046,,,0.2,0.05,0.198,0.049,,,,,,,
FT33_OD,0.198,0.049,0.197,0.048,,,0.191,0.05,0.19,0.048,,,0.203,0.053,0.201,0.05,,,,,,,
FT34_OD,0.193,0.048,0.19,0.045,,,0.194,0.046,0.195,0.044,,,0.2,0.05,0.199,0.049,,,,,,,
FT37_OD,0.188,0.044,0.187,0.043,,,0.19,0.045,0.189,0.04,,,0.196,0.048,0.194,0.048,,,,,,,
FT08_OS,0.194,0.05,0.19,0.049,,,0.192,0.048,0.189,0.048,,,0.189,0.046,0.182,0.045,,,,,,,
FT12_OS,0.19,0.048,0.187,0.048,,,0.191,0.045,0.186,0.044,,,0.201,0.052,0.198,0.05,,,,,,,
FT09_OS,0.207,0.053,0.202,0.05,,,0.2,0.047,0.198,0.045,,,0.198,0.048,0.196,0.046,,,,,,,
FT22_OS,0.19,0.047,0.19,0.44,,,0.194,0.05,0.19,0.049,,,0.196,0.045,0.194,0.043,,,,,,,
FT23_OS,0.197,0.044,0.195,0.043,,,0.199,0.044,0.192,0.043,,,0.202,0.049,0.201,0.044,,,,,,,
FT25_OS,0.184,0.046,0.181,0.042,,,0.197,0.05,0.194,0.048,,,0.19,0.043,0.188,0.039,,,,,,,
FT30_OS,0.196,0.049,0.194,0.048,,,0.188,0.043,0.183,0.04,,,0.185,0.04,0.18,0.037,,,,,,,
FT35_OS,0.192,0.042,0.19,0.042,,,0.193,0.046,0.191,0.044,,,0.191,0.049,0.0187,0.47,,,,,,,
FT10_OS,0.198,0.047,0.192,0.046,,,0.189,0.04,0.189,0.039,,,0.19,0.043,0.19,0.042,,,,,,,
FT14_OS,0.181,0.04,0.182,0.037,,,0.193,0.043,0.192,0.043,,,0.198,0.047,0.198,0.044,,,,,,,
FT24_OS,0.201,0.052,0.197,0.05,,,0.197,0.053,0.195,0.05,,,0.194,0.045,0.192,0.04,,,,,,,
FT26_OS,0.195,0.05,0.19,0.05,,,0.189,0.049,0.188,0.045,,,0.187,0.043,0.184,0.041,,,,,,,
FT27_OS,0.187,0.045,0.185,0.043,,,0.192,0.046,0.188,0.042,,,0.198,0.049,0.198,0.042,,,,,,,
FT33_OS,0.19,0.048,0.188,0.044,,,0.187,0.044,0.186,0.043,,,0.195,0.047,0.193,0.044,,,,,,,
FT34_OS,0.195,0.049,0.193,0.046,,,0.195,0.05,0.192,0.045,,,0.204,0.051,0.2,0.047,,,,,,,
FT37_OS,0.193,0.042,0.0193,0.039,,,0.19,0.045,0.185,0.044,,,0.192,0.041,0.189,0.038,,,,,,,
FT01_OD,0.188,0.047,0.187,0.044,,,0.194,0.046,0.19,0.044,,,0.201,0.052,0.2,0.05,,,,,,,
FT03_OD,0.194,0.05,0.191,0.48,,,0.192,0.048,0.189,0.047,,,0.204,0.054,0.2,0.051,,,,,,,
FT15_OD,0.198,0.052,0.196,0.05,,,0.2,0.051,0.199,0.049,,,0.199,0.049,0.197,0.044,,,,,,,
FT17_OD,0.184,0.043,0.183,0.04,,,0.188,0.042,0.185,0.039,,,0.196,0.047,0.19,0.046,,,,,,,
FT02_OD,0.196,0.045,0.19,0.042,,,0.194,0.046,0.191,0.045,,,0.201,0.05,0.196,0.049,,,,,,,
FT04_OD,0.182,0.041,0.178,0.037,,,0.192,0.048,0.189,0.046,,,0.2,0.047,0.199,0.044,,,,,,,
FT16_OD,0.192,0.47,0.191,0.047,,,0.189,0.043,0.183,0.04,,,0.198,0.048,0.194,0.044,,,,,,,
FT18_OD,0.197,0.048,0.197,0.044,,,0.19,0.049,0.189,0.047,,,0.197,0.046,0.194,0.045,,,,,,,
FT01_OS,0.192,0.044,0.19,0.041,,,0.197,0.047,0.194,0.046,,,0.19,0.049,0.187,0.049,,,,,,,
FT03_OS,0.199,0.051,0.197,0.048,,,0.192,0.042,0.191,0.042,,,0.199,0.047,0.197,0.043,,,,,,,
FT15_OS,0.196,0.05,0.193,0.049,,,0.188,0.047,0.186,0.046,,,0.2,0.049,0.199,0.048,,,,,,,
FT17_OS,0.192,0.046,0.189,0.043,,,0.191,0.05,0.19,0.048,,,0.197,0.046,0.193,0.045,,,,,,,
FT02_OS,0.184,0.043,0.18,0.042,,,0.189,0.044,0.184,0.041,,,0.196,0.045,0.19,0.04,,,,,,,
FT04_OS,0.197,0.049,0.196,0.048,,,0.193,0.047,0.192,0.046,,,0.197,0.047,0.194,0.046,,,,,,,
FT16_OS,0.198,0.053,0.194,0.048,,,0.201,0.05,0.199,0.049,,,0.203,0.049,0.2,0.047,,,,,,,
FT18_OS,0.192,0.042,0.19,0.042,,,0.198,0.044,0.196,0.042,,,0.199,0.044,0.193,0.042,,,,,,,
FT155_OD,0.191,0.047,0.19,0.046,,,0.186,0.047,0.188,0.047,,,0.195,0.049,0.19,0.048,,,,,,,
FT157_OD,0.199,0.049,0.197,0.047,,,0.2,0.051,0.197,0.049,,,0.202,0.053,0.199,0.05,,,,,,,
FT159_OD,0.197,0.047,0.197,0.045,,,0.198,0.046,0.197,0.045,,,0.199,0.05,0.197,0.05,,,,,,,
FT163_OD,0.201,0.052,0.199,0.05,,,0.197,0.05,0.195,0.048,,,0.203,0.053,0.2,0.05,,,,,,,
FT154_OD,0.194,0.049,0.19,0.47,,,0.2,0.049,0.198,0.046,,,0.199,0.049,0.195,0.047,,,,,,,
FT156_OD,0.189,0.044,0.188,0.04,,,0.191,0.047,0.187,0.046,,,0.198,0.047,0.197,0.046,,,,,,,
FT160_OD,0.192,0.042,0.191,0.039,,,0.188,0.046,0.184,0.044,,,0.194,0.046,0.194,0.045,,,,,,,
FT164_OD,0.196,0.046,0.194,0.043,,,0.194,0.047,0.19,0.046,,,0.19,0.044,0.188,0.043,,,,,,,
FT155_OS,0.184,0.04,0.182,0.038,,,0.197,0.049,0.197,0.046,,,0.196,0.047,0.194,0.044,,,,,,,
FT157_OS,0.188,0.043,0.184,0.04,,,0.193,0.046,0.191,0.043,,,0.189,0.042,0.188,0.04,,,,,,,
FT159_OS,0.192,0.045,0.19,0.044,,,0.189,0.044,0.188,0.04,,,0.193,0.044,0.19,0.043,,,,,,,
FT163_OS,0.195,0.049,0.192,0.047,,,0.196,0.049,0.195,0.047,,,0.194,0.049,0.191,0.046,,,,,,,
FT154_OS,0.196,0.047,0.194,0.045,,,0.199,0.046,0.196,0.044,,,0.201,0.048,0.2,0.045,,,,,,,
FT156_OS,0.188,0.039,0.183,0.038,,,0.193,0.044,0.191,0.042,,,0.194,0.046,0.194,0.043,,,,,,,
FT160_OS,0.186,0.042,0.185,0.04,,,0.189,0.045,0.188,0.045,,,0.198,0.05,0.195,0.049,,,,,,,
FT164_OS,0.19,0.047,0.187,0.045,,,0.196,0.047,0.194,0.045,,,0.2,0.049,0.198,0.046,,,,,,,
FT98_OD,0.182,0.046,0.182,0.045,0.182,0.045,0.179,0.047,0.179,0.043,0.0178,0.044,0.192,0.05,0.188,0.049,0.188,0.049,,,,,
FT99_OD,0.191,0.045,0.19,0.045,0.19,0.044,0.192,0.049,0.192,0.048,0.19,0.046,0.195,0.05,0.194,0.05,0.195,0.049,,,,,
FT102_OD,0.191,0.044,,,0.188,0.043,0.197,0.047,,,0.0196,0.047,0.198,0.05,0.198,0.05,0.196,0.048,,,,,
FT149_OD,0.182,0.045,0.181,0.044,,,0.189,0.053,0.189,0.05,,,0.186,0.047,0.184,0.047,,,,,,,
FT151_OD,0.19,0.046,0.189,0.045,,,0.184,0.043,0.0183,0.04,,,0.2,0.052,0.199,0.05,,,,,,,
FT100_OD,0.178,0.046,0.176,0.045,0.176,0.046,0.181,0.043,0.179,0.043,0.177,0.042,,,0.19,0.049,0.189,0.049,,,,,
FT101_OD,,,0.194,0.043,0.19,0.043,,,0.197,0.041,0.196,0.039,0.194,0.049,0.19,0.049,0.191,0.047,,,,,
FT103_OD,0.201,0.051,0.197,0.05,0.195,0.05,0.192,0.049,0.192,0.048,0.19,0.046,0.199,0.05,0.197,0.049,0.196,0.047,,,,,
FT104_OD,0.188,0.046,0.186,0.046,0.0187,0.046,0.196,0.048,0.195,0.048,0.195,0.046,0.201,0.049,0.2,0.05,0.198,0.049,,,,,
FT148_OD,0.197,0.049,0.196,0.046,,,0.198,0.05,0.196,0.048,,,0.194,0.05,0.194,0.047,,,,,,,
FT150_OD,0.182,0.039,0.18,0.04,,,0.188,0.044,0.186,0.042,,,0.199,0.047,0.192,0.046,,,,,,,
FT98_OS,0.197,0.049,0.196,0.049,0.194,0.048,0.194,0.046,0.19,0.045,0.19,0.045,0.199,0.053,0.198,0.05,0.198,0.049,,,,,
FT99_OS,0.187,0.048,0.184,0.044,0.183,0.045,0.189,0.044,0.189,0.042,0.188,0.04,0.203,0.05,0.2,0.05,0.201,0.049,,,,,
FT102_OS,,,0.192,0.048,0.19,0.046,,,0.197,0.048,0.195,0.046,0.187,0.047,0.185,0.046,0.183,0.045,,,,,
FT149_OS,0.182,0.042,0.179,0.043,,,0.185,0.042,0.182,0.043,,,0.184,0.048,0.182,0.048,,0.046,,,,,
FT151_OS,0.199,0.052,0.198,0.05,,,0.2,0.05,0.199,0.049,,,0.2,0.053,0.199,0.05,,,,,,,
FT100_OS,0.179,0.041,0.177,0.039,0.178,0.04,0.182,0.044,0.182,0.042,0.181,0.042,0.195,0.05,0.192,0.05,0.19,0.049,,,,,
FT101_OS,0.184,0.045,0.181,0.046,0.179,0.044,0.187,0.049,0.185,0.044,0.186,0.042,0.198,0.049,0.194,0.05,0.193,0.05,,,,,
FT103_OS,0.196,0.047,,,0.196,0.046,0.19,0.046,,,0.19,0.043,,,0.193,0.047,0.193,0.046,,,,,
FT104_OS,0.19,0.049,0.189,0.047,0.187,0.045,0.192,0.048,0.191,0.048,0.189,0.048,0.197,0.049,0.195,0.048,0.19,0.047,,,,,
FT148_OS,0.198,0.049,0.198,0.048,,,0.196,0.05,0.193,0.049,,,0.189,0.046,0.187,0.042,,,,,,,
FT150_OS,0.193,0.05,0.19,0.05,,,0.19,0.044,0.189,0.042,,,0.196,0.048,0.194,0.044,,,,,,,
FT74_OD,0.189,0.047,0.187,0.047,0.185,0.046,0.195,0.047,0.193,0.045,0.192,0.045,0.201,0.05,0.2,0.05,0.2,0.049,,,,,
FT76_OD,0.194,0.048,0.19,0.049,0.191,0.048,0.194,0.045,0.192,0.044,0.193,0.044,0.199,0.05,0.198,0.049,0.199,0.046,,,,,
FT78_OD,,,0.193,0.049,0.191,0.047,,,0.198,0.048,0.197,0.47,0.2,0.049,0.199,0.049,0.197,0.048,,,,,
FT82_OD,0.199,0.048,0.199,0.048,0.199,0.048,0.199,0.049,0.196,0.048,0.195,0.046,0.196,0.048,0.196,0.046,0.194,0.045,,,,,
FT84_OD,0.2,0.051,0.199,0.049,0.199,0.047,,,0.187,0.045,0.188,0.045,0.189,0.044,0.188,0.046,0.187,0.046,,,,,
FT87_OD,,,0.196,0.05,0.195,0.048,,,0.19,0.047,0.189,0.046,0.203,0.051,0.2,0.049,0.199,0.049,,,,,
FT96_OD,0.187,0.044,0.188,0.043,0.186,0.044,,,0.19,0.048,0.184,0.048,0.192,0.042,0.19,0.04,0.19,0.041,,,,,
FT133_OD,0.193,0.049,0.19,0.049,,,0.19,0.047,0.189,0.047,,,0.195,0.046,0.19,0.045,,,,,,,
FT135_OD,0.177,0.04,0.175,0.041,,,0.191,0.047,0.187,0.044,,,0.191,0.047,0.19,0.047,,,,,,,
FT137_OD,0.196,0.049,0.194,0.047,,,0.182,0.045,0.181,0.045,,,0.19,0.044,0.192,,,,,,,,
FT141_OD,0.198,0.047,0.194,0.043,,,0.193,0.048,0.19,0.047,,,0.195,0.049,0.193,0.044,,,,,,,
FT143_OD,0.196,0.047,0.197,0.046,,,0.19,0.047,0.189,0.046,,,0.194,0.047,0.194,0.045,,,,,,,
FT145_OD,0.202,0.049,0.2,0.048,,,0.194,0.049,0.19,0.048,,,0.199,0.045,0.196,0.044,,,,,,,
FT147_OD,0.174,0.042,0.173,0.044,,,0.18,0.043,0.181,0.04,,,0.203,0.05,0.1999,0.048,,,,,,,
FT73_OD,0.196,0.048,0.195,0.047,0.192,0.046,0.196,0.047,0.194,0.045,0.193,0.045,0.199,0.048,0.197,0.047,0.195,0.046,,,,,
FT77_OD,0.196,0.048,0.197,0.047,0.194,0.047,0.194,0.05,0.193,0.05,0.193,0.047,0.198,0.05,0.198,0.049,0.197,0.048,,,,,
FT81_OD,0.199,0.049,0.194,0.045,0.193,0.044,0.2,0.049,0.189,0.048,0.188,0.047,0.192,0.046,0.19,0.046,0.189,0.045,,,,,
FT83_OD,0.19,0.046,0.189,0.044,0.188,0.044,,,0.199,0.048,0.195,0.046,0.194,0.047,0.194,0.046,0.193,0.046,,,,,
FT85_OD,,,0.195,0.047,0.194,0.045,,,0.195,0.047,0.193,0.047,0.2,0.049,0.199,0.047,0.197,0.046,,,,,
FT95_OD,0.2,0.05,0.199,0.05,0.196,0.049,0.194,0.043,0.193,0.04,0.19,0.041,0.203,0.053,0.2,0.05,0.198,0.049,,,,,
FT97_OD,0.198,0.045,0.196,0.046,0.196,0.044,0.198,0.047,0.196,0.045,0.195,0.042,0.2,0.048,0.2,0.049,0.196,0.048,,,,,
FT132_OD,0.196,0.048,0.196,0.046,,,0.195,0.045,0.194,0.044,,,0.199,0.046,0.2,0.045,,,,,,,
FT134_OD,0.194,0.05,0.193,0.049,,,0.196,0.046,0.196,0.045,,,0.198,0.046,0.196,0.044,,,,,,,
FT136_OD,0.196,0.049,0.195,0.047,,,0.194,0.049,0.19,0.046,,,0.197,0.047,0.195,0.045,,,,,,,
FT140_OD,0.193,0.047,0.19,0.046,,,0.189,0.047,0.187,0.046,,,0.194,0.045,0.193,0.044,,,,,,,
FT142_OD,0.188,0.046,0.188,0.046,,,0.19,0.048,0.19,0.047,,,0.19,0.046,0.187,0.045,,,,,,,
FT144_OD,0.19,0.048,0.189,0.046,,,0.192,0.047,0.192,0.047,,,0.192,0.047,0.19,0.046,,,,,,,
FT146_OD,0.197,0.047,0.195,0.045,,,0.195,0.049,0.193,0.046,,,0.201,0.049,0.199,0.047,,,,,,,
FT74_OS,0.194,0.049,0.193,0.048,0.19,0.047,0.189,0.044,0.19,0.043,0.189,0.04,0.19,0.047,0.186,0.043,0.185,0.04,,,,,
FT76_OS,0.195,0.051,0.194,0.049,,,0.192,0.042,0.191,0.04,,,0.192,0.045,0.191,0.043,0.19,0.043,,,,,
FT78_OS,,,0.2,0.049,0.199,0.047,,,0.194,0.046,0.192,0.045,0.2,0.049,0.197,0.047,0.194,0.046,,,,,
FT82_OS,0.177,0.042,0.173,0.04,0.172,0.04,0.182,0.04,0.18,0.042,0.178,0.04,0.189,0.042,0.188,0.04,0.188,0.042,,,,,
FT84_OS,0.198,0.049,0.198,0.049,0.196,0.047,0.196,0.047,0.194,0.045,0.192,0.044,0.199,0.049,0.197,0.045,0.195,0.043,,,,,
FT87_OS,0.191,0.048,0.19,0.045,0.189,0.045,0.189,0.046,0.187,0.045,0.186,0.045,0.19,0.045,0.19,0.045,0.189,0.045,,,,,
FT96_OS,0.196,0.046,0.191,0.043,0.19,0.04,0.192,0.049,0.19,0.047,0.189,0.044,0.199,0.047,0.196,0.046,0.194,0.043,,,,,
FT133_OS,0.201,0.049,0.199,0.047,,,0.196,0.048,0.195,0.047,,,0.203,0.05,0.2,0.049,,,,,,,
FT135_OS,0.198,0.049,0.197,0.048,,,0.198,0.048,0.196,0.046,,,0.2,0.05,0.199,0.048,,,,,,,
FT137_OS,0.19,0.046,0.189,0.045,,,0.193,0.047,0.19,0.045,,,0.193,0.047,0.19,0.046,,,,,,,
FT141_OS,0.182,0.047,0.18,0.048,,,0.186,0.039,0.185,0.04,,,0.19,0.044,0.184,0.042,,,,,,,
FT143_OS,0.186,0.044,0.185,0.04,,,0.192,0.046,0.191,0.046,,,0.189,0.046,0.188,0.044,,,,,,,
FT145_OS,0.198,0.049,0.196,0.047,,,0.19,0.046,0.191,0.044,,,0.2,0.049,0.2,0.048,,,,,,,
FT147_OS,0.193,0.05,0.19,0.05,,,0.201,0.049,0.199,0.048,,,0.198,0.049,0.196,0.047,,,,,,,
FT73_OS,0.2,0.049,0.199,0.047,0.197,0.045,0.194,0.049,0.193,0.047,0.19,0.044,0.198,0.049,0.196,0.046,0.195,0.045,,,,,
FT77_OS,,,0.189,0.045,0.186,0.045,,,0.192,0.046,0.192,0.046,0.192,0.046,0.19,0.044,0.189,0.043,,,,,
FT81_OS,0.189,0.046,,,0.184,0.045,0.187,0.045,,,0.185,0.042,0.193,0.045,0.193,0.042,0.19,0.04,,,,,
FT83_OS,0.187,0.046,0.185,0.044,0.185,0.045,0.194,0.047,0.191,0.045,0.19,0.043,0.19,0.044,0.187,0.045,0.186,0.045,,,,,
FT85_OS,,,0.198,0.05,0.197,0.049,,,0.189,0.044,0.187,0.04,0.2,0.05,0.198,0.049,0.198,0.046,,,,,
FT95_OS,0.197,0.049,0.196,0.047,,,0.194,0.047,0.92,0.045,,,0.199,0.048,0.198,0.047,0.196,0.046,,,,,
FT97_OS,0.172,0.042,0.173,0.039,0.172,0.037,0.184,0.46,0.182,0.045,0.179,0.045,0.196,0.047,0.195,0.046,0.195,0.046,,,,,
FT132_OS,0.195,0.049,0.193,0.047,,,0.183,0.042,0.183,0.041,,,0.2,0.048,0.199,0.046,,,,,,,
FT134_OS,0.196,0.049,0.196,0.049,,,0.19,0.048,0.188,0.047,,,0.199,0.05,0.199,0.049,,,,,,,
FT136_OS,0.205,0.051,0.199,0.049,,,0.197,0.049,0.195,0.047,,,0.202,0.051,0.2,0.049,,,,,,,
FT140_OS,0.19,0.047,0.189,0.046,,,0.188,0.044,0.185,0.044,,,0.192,0.045,0.19,0.044,,,,,,,
FT142_OS,0.199,0.045,0.196,0.044,,,0.191,0.046,0.19,0.047,,,0.198,0.048,0.195,0.047,,,,,,,
FT144_OS,0.196,0.049,0.195,0.045,,,0.195,0.049,0.192,0.047,,,0.196,0.047,0.194,0.046,,,,,,,
FT146_OS,0.196,0.048,0.194,0.048,,,0.198,0.048,0.194,0.045,0.193,0.046,0.199,0.05,0.197,0.049,0.196,0.047,,,,,
FT106_OD,0.198,0.049,,,,,0.194,0.048,,,,,0.2,0.05,,,,,,,,,
FT111_OD,0.192,0.045,0.192,0.046,,,0.195,0.046,0.195,0.045,,,0.198,0.05,0.197,0.049,,,,,,,
FT120_OD,0.194,0.046,,,,,0.198,0.047,,,,,0.192,0.047,,,,,,,,,
FT138_OD,0.189,0.045,0.189,0.04,0.188,0.038,0.195,0.047,0.192,0.046,0.19,0.046,0.19,0.046,0.188,0.046,0.188,0.044,,,,,
FT106_OS,0.194,0.046,,,,,0.19,0.046,,,,,0.196,0.045,,,,,,,,,
FT111_OS,0.19,0.047,0.189,0.046,,,0.189,0.045,0.188,0.04,,,0.198,0.048,0.194,0.047,,,,,,,
FT120_OS,0.186,0.045,,,,,0.191,0.046,,,,,0.194,0.046,,,,,,,,,
FT138_OS,0.182,0.043,0.18,0.043,0.181,0.04,0.187,0.048,0.184,0.044,0.183,0.04,0.188,0.046,0.187,0.046,0.187,0.044,,,,,
FT45_OD,,,0.193,0.046,0.19,0.044,,,0.194,0.047,0.191,0.045,,,0.195,0.47,0.19,0.045,,,,,
FT47_OD,0.196,0.049,0.198,0.047,0.194,0.046,0.196,0.047,0.19,0.047,0.188,0.044,0.2,0.05,0.198,0.049,0.197,0.048,,,,,
FT50_OD,0.198,0.05,0.198,0.049,0.197,0.048,0.194,0.048,0.192,0.046,0.19,0.045,0.2,0.048,0.195,0.048,0.193,0.046,,,,,
FT52_OD,,,0.199,0.049,,,,,0.195,0.049,,,,,0.189,0.046,,,,,,,
FT56_OD,,,0.196,0.047,,,,,0.197,0.047,,,,,0.196,0.047,,,,,,,
FT107_OD,0.189,0.045,0.188,0.045,0.186,0.044,0.19,0.047,0.189,0.045,0.188,0.044,0.198,0.049,0.194,0.047,0.194,0.044,,,,,
FT110_OD,0.183,0.04,0.18,0.041,0.176,0.039,0.188,0.046,0.183,0.044,0.18,0.042,0.192,0.05,0.19,0.049,0.188,0.048,,,,,
FT122_OD,0.198,0.048,0.196,0.046,0.194,0.046,0.19,0.045,0.191,0.045,0.189,0.045,0.194,0.047,0.191,0.045,0.19,0.045,,,,,
FT128_OD,0.193,0.048,0.191,0.048,0.189,0.046,0.198,0.049,0.195,0.048,0.19,0.046,0.197,0.049,0.195,0.046,0.19,0.042,,,,,
FT51_OD,0.197,0.046,0.194,0.046,0.191,0.044,0.196,0.048,0.192,0.048,0.19,0.045,0.189,0.046,0.188,0.046,0.186,0.044,,,,,
FT53_OD,,,,,,,,,,,,,0.201,0.049,,,,,,,,,
FT55_OD,,,,,0.192,0.046,,, ,,0.189,0.046,0.192,0.044, ,,0.192,0.045,,,,,
FT57_OD,,,,,0.194,0.048,,, ,,0.192,0.047,,,,,0.194,0.046,,,,,
FT109_OD,0.186,0.045,0.185,0.042,0.18,0.04,0.19,0.043,0.187,0.04,0.185,0.04,0.198,0.051,0.198,0.05,0.196,0.048,,,,,
FT121_OD,0.174,0.042,0.176,0.04,0.173,0.039,0.183,0.04,0.18,0.038,0.176,0.034,0.184,0.046,0.182,0.045,0.179,0.045,,,,,
FT127_OD,0.192,0.048,0.19,0.047,0.19,0.047,0.196,0.05,0.194,0.048,0.193,0.046,0.199,0.05,0.197,0.051,0.195,0.049,,,,,
FT130_OD,0.19,0.046,0.188,0.046,0.187,0.047,0.194,0.046,0.194,0.043,0.193,0.04,0.19,0.045,0.187,0.04,0.183,0.041,,,,,
FT45_OS,,,0.187,0.045,0.183,0.043,,,0.191,0.046,0.189,0.046,,,,,0.191,0.043,,,,,
FT47_OS,0.187,0.045,0.184,0.044,0.182,0.04,0.191,0.046,0.19,0.043,0.19,0.042,0.187,0.049,0.187,0.046,0.186,0.045,,,,,
FT50_OS,0.199,0.049,,,0.19,0.043,0.201,0.049,,,0.188,0.04,0.202,0.049, ,,0.199,0.046,,,,,
FT52_OS,,,0.192,0.046,0.19,0.046,,,0.193,0.047,0.191,0.045,0.195,0.046,0.193,0.044,,,,,,,
FT56_OS,,,0.198,0.048,0.197,0.046,,,0.196,0.046,,,,,0.196,0.048,0.195,0.047,,,,,
FT107_OS,0.195,0.05,0.194,0.048,,,0.192,0.047,0.191,0.045,,,0.193,0.043,0.19,0.039,,,,,,,
FT110_OS,0.193,0.045,0.19,0.044,,,0.199,0.048,0.195,0.048,,,0.2,0.052,0.198,0.05,,,,,,,
FT122_OS,0.194,0.047,0.192,0.047,,,0.185,0.044,0.179,0.043,,,0.197,0.049,0.194,0.047,,,,,,,
FT128_OS,0.197,0.049,0.195,0.045,,,0.2,0.046,0.198,0.044,,,0.187,0.047,0.185,0.046,,,,,,,
FT51_OS,,,0.193,0.046,0.192,0.044,,,0.193,0.046,0.189,0.047,0.198,0.047,0.198,0.047,0.197,0.045,,,,,
FT53_OS,,,,,,,,,,,,,0.194,0.047,,,,,,,,,
FT55_OS,,,,,,,,,,,,,0.197,0.049,,,,,,,,,
FT57_OS,,,0.197,0.047,0.195,0.045,,,0.195,0.048,0.192,0.046,0.193,0.048,0.192,0.048,0.184,0.047,,,,,
FT109_OS,0.188,0.045,0.186,0.044,,,0.191,0.045,0.187,0.043,,,0.195,0.046,1.94,0.045,,,,,,,
FT121_OS,0.193,0.048,0.193,0.047,,,0.197,0.047,0.195,0.045,,,0.199,0.049,0.197,0.047,,,,,,,
FT127_OS,0.192,0.046,0.19,0.046,,,0.195,0.045,0.194,0.04,,,0.203,0.05,0.2,0.048,,,,,,,
FT130_OS,0.191,0.049,0.187,0.048,,,0.186,0.046,0.186,0.046,,,0.184,0.043,0.183,0.04,,,,,,,
MT381_OD,0.213,0.046,,,,,0.213,0.05,,,,,0.207,0.044,,,,,,,,,
MT382_OD,0.214,0.043,,,,,0.22,0.04,,,,,0.216,0.05,,,,,,,,,
MT383_OD,0.214,0.052,,,,,0.213,0.046,,,,,0.21,0.049,,,,,,,,,
MT384_OD,0.211,0.054,,,,,0.209,0.046,,,,,0.209,0.059,,,,,,,,,
MT385_OD,0.203,0.053,,,,,0.21,0.049,,,,,0.211,0.053,,,,,,,,,
MT386_OD,0.219,0.047,,,,,0.217,0.042,,,,,0.219,0.056,,,,,,,,,
MT388_OD,0.225,0.059,,,,,0.229,0.052,,,,,0.229,0.062,,,,,,,,,
MT381_OS,0.214,0.044,,,,,0.209,0.047,,,,,0.207,0.052,,,,,,,,,
MT382_OS,0.213,0.049,,,,,0.205,0.05,,,,,0.217,0.053,,,,,,,,,
MT383_OS,0.206,0.047,,,,,0.209,0.044,,,,,0.207,0.043,,,,,,,,,
MT384_OS,0.222,0.043,,,,,0.22,0.043,,,,,0.217,0.056,,,,,,,,,
MT385_OS,0.206,0.052,,,,,0.21,0.05,,,,,0.206,0.059,,,,,,,,,
MT386_OS,0.219,0.046,,,,,0.225,0.048,,,,,0.214,0.055,,,,,,,,,
MT388_OS,0.226,0.053,,,,,,,,,,,0.225,0.055,,,,,,,,,
MT228_OD,0.189,0.053,0.185,0.05,,,0.18,0.04,0.182,0.05,,,0.192,0.059,0.173,0.052,,,,,,,
MT230_OD,0.189,0.052,0.175,0.061,,,0.188,0.044,0.175,0.05,,,0.183,0.058,0.189,0.061,,,,,,,
MT234_OD,0.198,0.056,0.198,0.049,,,0.194,0.053,0.192,0.05,,,0.198,0.054,0.186,0.046,,,,,,,
MT219_OD,0.2,0.05,0.198,0.055,,,0.198,0.047,0.188,0.051,,,0.195,0.052,0.195,0.058,,,,,,,
MT221_OD,0.191,0.053,0.192,0.055,,,0.185,0.055,0.192,0.053,,,0.191,0.059,0.186,0.058,,,,,,,
MT225_OD,0.204,0.053,0.2,0.052,,,0.194,0.05,0.201,0.043,,,0.186,0.055,0.192,0.05,,,,,,,
MT228_OS,0.189,0.055,0.188,0.046,,,0.192,0.053,0.195,0.05,,,0.183,0.059,0.177,0.062,,,,,,,
MT230_OS,0.182,0.044,0.182,0.047,,,0.197,0.062,0.191,0.056,,,0.173,0.062,0.182,0.056,,,,,,,
MT234_OS,0.2,0.062,0.191,0.061,,,0.214,0.057,0.198,0.05,,,0.194,0.056,0.181,0.059,,,,,,,
MT219_OS,0.203,0.053,0.192,0.052,,,0.201,0.048,0.203,0.049,,,0.204,0.059,0.198,0.053,,,,,,,
MT221_OS,0.191,0.05,0.188,0.05,,,0.194,0.045,0.194,0.044,,,0.186,0.053,0.189,0.053,,,,,,,
MT225_OS,0.194,0.047,0.201,0.047,,,0.2,0.049,0.197,0.052,,,0.185,0.053,0.186,0.05,,,,,,,
MT164_OD,0.189,0.048,0.186,0.052,,,0.191,0.046,0.182,0.05,,,0.204,0.046,0.194,0.05,,,,,,,
MT165_OD,0.185,0.052,0.195,0.048,,,0.188,0.047,0.191,0.052,,,0.183,0.055,0.186,0.056,,,,,,,
MT168_OD,0.185,0.045,0.188,0.047,,,0.187,0.046,0.176,0.043,,,0.182,0.043,0.176,0.046,,,,,,,
MT170_OD,0.191,0.05,0.198,0.056,,,0.192,0.049,0.186,0.046,,,0.194,0.05,0.185,0.052,,,,,,,
MT172_OD,0.196,0.052,0.194,0.052,,,0.193,0.05,0.179,0.048,,,0.186,0.04,0.172,0.041,,,,,,,
MT174_OD,0.198,0.049,0.2,0.053,,,0.198,0.051,0.191,0.047,,,0.201,0.05,0.192,0.055,,,,,,,
MT175_OD,0.21,0.047,0.194,0.053,,,0.21,0.046,0.194,0.049,,,0.2,0.047,0.191,0.044,,,,,,,
MT163_OD,0.194,0.05,0.188,0.047,,,0.188,0.05,0.187,0.05,,,0.179,0.053,0.188,0.053,,,,,,,
MT166_OD,0.192,0.044,0.195,0.05,,,0.198,0.052,0.2,0.056,,,0.198,0.058,0.189,0.056,,,,,,,
MT167_OD,0.198,0.053,0.213,0.055,,,0.194,0.059,0.191,0.045,,,0.194,0.055,0.198,0.049,,,,,,,
MT169_OD,0.189,0.049,0.191,0.05,,,0.186,0.048,0.186,0.047,,,0.201,0.055,0.194,0.05,,,,,,,
MT171_OD,0.201,0.056,0.195,0.049,,,0.186,0.05,0.185,0.047,,,0.192,0.058,0.186,0.058,,,,,,,
MT173_OD,0.207,0.05,0.198,0.056,,,0.183,0.055,0.188,0.044,,,0.186,0.05,0.188,0.056,,,,,,,
MT164_OS,0.189,0.04,0.185,0.041,,,0.199,0.043,0.186,0.043,,,0.189,0.049,0.177,0.047,,,,,,,
MT165_OS,0.182,0.043,0.17,0.046,,,0.176,0.043,0.172,0.056,,,0.183,0.048,0.176,0.049,,,,,,,
MT168_OS,0.195,0.044,0.175,0.05,,,0.195,0.055,0.183,0.046,,,0.185,0.051,0.18,0.046,,,,,,,
MT170_OS,0.182,0.047,0.175,0.052,,,0.191,0.052,0.186,0.044,,,0.195,0.055,0.18,0.046,,,,,,,
MT172_OS,0.187,0.052,0.181,0.045,,,0.197,0.047,0.188,0.044,,,0.186,0.046,0.186,0.056,,,,,,,
MT174_OS,0.2,0.049,0.191,0.043,,,0.203,0.061,0.2,0.041,,,0.197,0.049,0.195,0.047,,,,,,,
MT175_OS,0.203,0.043,0.189,0.04,,,0.204,0.053,0.197,0.049,,,0.2,0.052,0.198,0.046,,,,,,,
MT163_OS,0.183,0.051,0.186,0.047,,,0.195,0.05,0.192,0.049,,,0.183,0.056,0.189,0.053,,,,,,,
MT166_OS,0.213,0.049,0.195,0.047,,,0.204,0.052,0.2,0.036,,,0.192,0.055,0.192,0.056,,,,,,,
MT167_OS,0.197,0.056,0.185,0.046,,,0.19,0.05,0.189,0.055,,,0.2,0.52,0.191,0.049,,,,,,,
MT169_OS,0.185,0.05,0.18,0.047,,,0.189,0.053,0.193,0.052,,,0.186,0.054,0.181,0.057,,,,,,,
MT171_OS,0.2,0.051,0.191,0.05,,,0.2,0.054,0.191,0.054,,,0.201,0.065,0.183,0.059,,,,,,,
MT173_OS,0.192,0.055,0.193,0.05,,,0.194,0.047,0.185,0.052,,,0.191,0.056,0.192,0.046,,,,,,,
MT179_OD,0.192,0.046,0.188,0.046,,,0.192,0.036,0.185,0.047,,,0.194,0.052,0.179,0.047,,,,,,,
MT185_OD,0.2,0.048,0.194,0.061,,,0.195,0.049,0.177,0.052,,,0.189,0.055,0.192,0.059,,,,,,,
MT191_OD,0.197,0.065,0.192,0.05,,,0.211,0.052,0.206,0.052,,,0.197,0.061,0.193,0.059,,,,,,,
MT180_OD,0.209,0.043,0.206,0.057,,,0.201,0.05,0.192,0.053,,,0.203,0.049,0.192,0.056,,,,,,,
MT186_OD,0.192,0.05,0.175,0.05,,,0.186,0.041,0.173,0.047,,,0.017,0.052,0.175,0.045,,,,,,,
MT192_OD,,,0.198,0.046,,,0.195,0.053,0.197,0.049,,,0.194,0.059,0.194,0.047,,,,,,,
MT179_OS,0.185,0.046,0.191,0.049,,,0.198,0.055,0.189,0.053,,,0.192,0.047,0.186,0.055,,,,,,,
MT185_OS,0.197,0.052,0.185,0.055,,,0.188,0.05,0.183,0.047,,,0.188,0.056,0.182,0.061,,,,,,,
MT191_OS,0.197,0.047,0.191,0.043,,,0.198,0.051,0.186,0.056,,,0.195,0.059,0.189,0.055,,,,,,,
MT180_OS,0.197,0.043,0.195,0.049,,,0.197,0.055,0.203,0.05,,,0.195,0.057,0.185,0.05,,,,,,,
MT186_OS,0.178,0.047,0.169,0.046,,,0.18,0.043,0.183,0.044,,,0.18,0.049,0.167,0.053,,,,,,,
MT192_OS,0.181,0.055,0.189,0.05,,,0.201,0.052,0.201,0.057,,,0.186,0.053,0.185,0.058,,,,,,,
MT364_OD,0.195,0.053,0.188,0.049,,,0.185,0.049,0.185,0.052,,,0.194,0.053,0.182,0.049,,,,,,,
MT362_OD,0.198,0.05,0.197,0.054,,,0.186,0.052,0.179,0.059,,,0.185,0.061,0.185,0.06,,,,,,,
MT360_OD,0.197,0.058,0.193,0.053,,,0.194,0.052,0.19,0.052,,,0.194,0.059,0.189,0.065,,,,,,,
MT353_OD,0.195,0.052,,,,,0.2,0.054,0.191,0.05,,,0.18,0.055,0.193,0.055,,,,,,,
MT355_OD,0.194,0.049,0.2,0.047,,,0.195,0.044,0.186,0.049,,,0.194,0.055,0.188,0.044,,,,,,,
MT357_OD,0.197,0.053,0.194,0.044,,,0.197,0.049,0.188,0.049,,,0.186,0.049,0.18,0.044,,,,,,,
MT364_OS,0.198,0.046,0.184,0.051,,,0.186,0.05,0.195,0.059,,,0.192,0.064,0.188,0.049,,,,,,,
MT362_OS,0.21,0.059,0.189,0.053,,,0.2,0.059,0.198,0.053,,,0.2,0.061,,,,,,,,,
MT360_OS,0.176,0.056,0.169,0.054,,,0.195,0.053,0.197,0.059,,,0.179,0.053,0.179,0.058,,,,,,,
MT353_OS,0.185,0.044,0.178,0.041,,,0.189,0.052,0.19,0.041,,,0.189,0.047,0.183,0.04,,,,,,,
MT355_OS,0.2,0.05,0.185,0.055,,,0.203,0.053,0.191,0.047,,,0.194,0.052,0.189,0.052,,,,,,,
MT357_OS,0.21,0.049,0.188,0.05,,,0.207,0.056,0.197,0.049,,,0.201,0.053,0.189,0.053,,,,,,,
MT239_OD,,,0.192,0.045,0.214,0.052,,,0.182,0.044,0.194,0.043,,,0.188,0.043,0.183,0.053,,,,,
MT241_OD,,,0.189,0.05,0.186,0.179,,,0.182,0.047,0.179,0.046,,,0.186,0.061,0.176,0.052,,,,,
MT246_OD,,,0.179,0.053,0.186,0.046,,,0.169,0.043,0.17,0.041,,,0.175,0.052,0.18,0.04,,,,,
MT242_OD,,,0.197,0.044,0.203,0.052,,,0.182,0.046,0.182,0.048,,,0.188,0.044,0.186,0.05,,,,,
MT248_OD,,,0.183,0.058,0.189,0.053,,,0.173,0.052,0.173,0.057,,,0.186,0.052,0.182,0.056,,,,,
MT239_OS,,,0.18,0.047,0.187,0.05,,,0.192,0.046,0.2,0.053,,,0.183,0.052,0.189,0.049,,,,,
MT241_OS,,,0.182,0.052,0.192,0.055,,,0.195,0.058,0.198,0.059,,,0.18,0.059,0.182,0.056,,,,,
MT246_OS,,,0.179,0.053,0.16,0.037,,,0.182,0.049,0.181,0.046,,,0.169,0.041,0.177,0.047,,,,,
MT242_OS,,,0.195,0.046,0.187,0.045,,,0.183,0.046,0.149,0.047,,,0.192,0.05,0.19,0.047,,,,,
MT248_OS,,,0.188,0.053,0.183,0.049,,,0.198,0.056,0.198,0.053,,,0.192,0.058,0.188,0.056,,,,,
MT211_OD,0.195,0.056,0.192,0.043,0.191,0.048,0.191,0.056,0.198,0.047,0.189,0.046,0.201,0.054,0.197,0.047,0.189,0.052,,,,,
MT212_OD,0.201,0.051,0.209,0.056,0.197,0.056,0.197,0.05,0.194,0.047,0.191,0.055,0.198,0.05,0.194,0.053,0.189,0.05,,,,,
MT213_OD,0.198,0.046,0.194,0.043,0.186,0.055,0.201,0.05,0.188,0.044,0.195,0.046,0.2,0.043,0.194,0.046,0.198,0.046,,,,,
MT214_OD,0.186,0.052,0.179,0.052,0.182,0.053,0.179,0.043,0.181,0.047,0.179,0.053,0.182,0.046,0.172,0.052,0.176,0.055,,,,,
MT215_OD,0.21,0.05,0.195,0.05,0.194,0.05,0.191,0.046,0.185,0.048,0.188,0.036,0.186,0.052,0.189,0.043,0.179,0.047,,,,,
MT216_OD,0.183,0.059,0.186,0.049,0.185,0.055,0.169,0.047,0.176,0.044,0.178,0.049,0.186,0.055,0.18,0.052,0.183,0.055,,,,,
MT217_OD,0.197,0.05,0.191,0.056,0.194,0.052,0.191,0.044,0.186,0.047,0.194,0.046,0.199,0.05,0.183,0.046,0.183,0.052,,,,,
MT211_OS,0.195,0.058,0.191,0.05,0.185,0.05,0.198,0.053,0.192,0.049,0.191,0.047,0.201,0.056,0.18,0.052,0.186,0.052,,,,,
MT212_OS,0.186,0.044,0.175,0.049,0.184,0.05,0.195,0.043,0.188,0.041,0.198,0.044,0.197,0.052,0.185,0.05,0.192,0.055,,,,,
MT213_OS,0.173,0.046,0.17,0.044,0.166,0.047,0.177,0.049,0.17,0.049,0.167,0.05,0.163,0.052,0.169,0.047,0.169,0.064,,,,,
MT214_OS,0.179,0.045,0.17,0.046,0.172,0.047,0.189,0.046,0.186,0.047,0.184,0.053,0.181,0.055,0.172,0.05,0.175,0.059,,,,,
MT215_OS,0.188,0.046,0.198,0.049,0.195,0.056,0.198,0.049,0.214,0.052,0.203,0.053,0.198,0.046,0.192,0.053,0.191,0.056,,,,,
MT216_OS,0.177,0.051,0.18,0.054,0.201,0.047,0.189,0.05,0.187,0.055,0.186,0.055,0.189,0.046,0.182,0.055,0.185,0.052,,,,,
MT217_OS,0.192,0.047,0.189,0.043,0.182,0.043,0.182,0.053,0.188,0.044,0.18,0.052,0.192,0.046,0.183,0.046,0.182,46,,,,,
MT245_OD,,,0.197,0.05,0.198,0.05,,,0.175,0.05,0.185,0.049,,,0.183,0.047,0.183,0.053,,,,,
MT240_OD,,,0.198,0.055,0.185,0.053,,,0.179,0.052,0.183,0.056,,,0.188,0.05,0.191,0.05,,,,,
MT244_OD,,,0.189,0.044,0.188,0.047,,,0.182,0.04,0.182,0.052,,,0.179,0.046,0.18,0.044,,,,,
MT242_OD,,,0.194,0.05,0.195,0.048,,,0.186,0.046,0.179,0.041,,,0.186,0.046,0.182,0.05,,,,,
MT248_OD,,,0.185,0.049,,,,,0.178,0.052,,,,,0.183,0.05,,,,,,,
MT245_OS,,,0.195,0.047,0.191,0.047,,,0.192,0.049,0.2,0.044,,,0.188,0.044,0.191,0.052,,,,,
MT240_OS,,,0.185,0.05,0.185,0.05,,,0.198,0.044,0.189,0.053,,,0.177,0.046,0.108,0.058,,,,,
MT244_OS,,,0.18,0.04,0.189,0.047,,,0.189,0.041,0.195,0.047,,,0.185,0.044,0.181,0.043,,,,,
MT242_OS,,,0.195,0.043,,,,,0.178,0.046,,,,,0.188,0.055,0.183,0.049,,,,,
MT248_OS,,,0.189,0.053,0.18,0.05,,,0.197,0.055,0.173,0.062,,,0.182,0.059,0.186,0.058,,,,,
MT130_OD,0.211,0.052,0.188,0.052,0.184,0.043,0.213,0.046,0.186,0.053,0.181,0.05,0.214,0.05,0.177,0.061,0.189,0.065,,,,,
MT131_OD,0.228,0.05,0.191,0.049,0.189,0.053,0.231,0.053,0.192,0.045,0.179,0.068,0.221,0.051,0.189,0.052,0.183,0.058,,,,,
MT132_OD,0.222,0.05,0.2,0.049,,,0.216,0.05,0.196,0.051,,,0.215,0.046,0.192,0.068,,,,,,,
MT135_OD,0.226,0.051,0.211,0.046,,,0.221,0.05,0.186,0.052,,,0.221,0.05,0.192,0.05,0.192,0.061,,,,,
MT137_OD,0.221,0.049,0.2,0.048,0.188,0.05,0.211,0.056,0.188,0.05,0.185,0.053,0.211,0.071,0.173,0.05,0.175,0.05,,,,,
MT138_OD,0.22,0.056,0.17,0.055,0.158,0.055,0.218,0.051,0.192,0.049,0.146,0.06,0.22,0.056,0.095,0.056,0.074,0.059,,,,,
MT130_OS,0.208,0.056,,,0.185,0.056,0.207,0.053,,,0.185,0.05,0.206,0.056,0.176,0.062,0.195,0.059,,,,,
MT131_OS,0.222,0.05,0.181,0.056,0.188,0.059,0.221,0.05,0.195,0.065,0.192,0.068,0.229,0.069,0.189,0.056,0.197,0.064,,,,,
MT132_OS,0.212,0.048,0.186,0.046,,,0.211,0.05,0.194,0.056,,,0.215,0.047,0.179,0.053,,,,,,,
MT135_OS,0.218,0.053,0.199,0.052,,,0.229,0.06,0.205,0.05,,,0.229,0.052,0.197,0.065,0.185,0.055,,,,,
MT137_OS,0.195,0.051,0.169,0.058,,,0.187,0.054,0.167,0.056,,,0.2,0.055,0.154,0.064,0.152,0.061,,,,,
MT138_OS,0.219,0.048,0.179,0.049,,,0.215,0.047,0.185,0.048,,,0.226,0.062,0.173,0.061,0.18,0.062,,,,,
MT125_OD,0.216,0.054,,,,,0.234,0.052,,,,,0.216,0.052,,,,,,,,,
MT139_OD,0.211,0.056,,,0.18,0.058,0.206,0.053,,,0.175,0.059,0.209,0.053,,,0.173,0.058,,,,,
MT140_OD,0.229,0.054,,,0.213,0.062,0.228,0.053,,,0.201,0.061,0.227,0.063,,,0.195,0.062,,,,,
MT141_OD,0.201,0.055,,,0.179,0.053,0.201,0.054,,,0.173,0.046,0.208,0.053,,,0.192,0.056,,,,,
MT142_OD,0.218,0.049,,,,,0.21,0.047,,,,,0.213,0.054,,,,,,,,,
MT144_OD,0.212,0.053,,,0.189,0.05,0.214,0.048,,,0.182,0.052,0.221,0.054,,,0.182,0.059,,,,,
MT125_OS,0.214,0.049,,,,,0.227,0.049,,,,,0.21,0.056,,,,,,,,,
MT139_OS,0.206,0.052,,,0.183,0.045,0.219,0.055,,,,,0.207,0.054,,,0.185,0.055,,,,,
MT140_OS,0.233,0.051,,,0.209,0.058,0.234,0.055,,,0.198,0.059,0.232,0.058,,,0.198,0.059,,,,,
MT141_OS,0.214,0.049,,,0.183,0.062,0.211,0.049,,,0.179,0.061,0.212,0.053,,,0.182,0.062,,,,,
MT142_OS,0.217,0.045,,,0.188,0.047,0.212,0.047,,,0.185,0.049,0.216,0.057,,,0.182,0.04,,,,,
MT144_OS,0.215,0.051,,,0.195,0.055,0.216,0.051,,,0.198,0.065,0.21,0.052,,,0.186,0.053,,,,,
MT320_OD,0.195,0.059,0.194,0.067,0.194,0.055,0.201,0.059,0.189,0.071,0.185,0.056,0.185,0.059,0.192,0.068,0.192,0.07,,,,,
MT322_OD,0.19,0.056,0.189,0.055,0.18,0.047,0.195,0.055,0.182,0.064,0.183,0.053,0.19,0.063,0.191,0.064,0.177,0.059,,,,,
MT336_OD,0.2,0.061,0.194,0.062,0.197,0.056,0.194,0.056,0.195,0.062,0.188,0.052,0.195,0.061,0.194,0.059,0.198,0.056,,,,,
MT320_OS,0.197,0.059,0.193,0.059,0.186,0.062,0.201,0.067,,,0.188,0.064,0.192,0.065,0.182,0.062,0.176,0.064,,,,,
MT322_OS,0.186,0.061,0.18,0.056,0.181,0.053,0.2,0.059,,,,,0.188,0.067,0.182,0.077,0.182,0.065,,,,,
MT336_OS,0.189,0.053,,,0.184,0.047,0.201,0.062,,,,,0.203,0.061,0.191,0.062,0.181,0.059,,,,,
MT319_OD,0.197,0.054,0.185,0.053,0.194,0.059,0.195,0.05,0.189,0.052,0.19,0.059,0.189,0.053,0.18,0.061,0.188,0.064,,,,,
MT324_OD,0.204,0.061,,,0.204,0.05,0.201,0.055,,,0.191,0.055,0.198,0.053,,,0.109,0.062,,,,,
MT330_OD,0.206,0.061,0.198,0.051,,,0.192,0.059,0.194,0.047,0.186,0.053,0.189,0.056,0.188,0.053,0.182,0.056,,,,,
MT329_OD,0.195,0.049,0.19,0.051,0.194,0.049,0.2,0.055,0.186,0.051,0.181,0.053,0.201,0.058,0.188,0.047,0.186,0.06,,,,,
MT335_OD,0.194,0.064,0.193,0.056,,,0.185,0.059,0.189,0.056,0.173,0.061,0.182,0.056,0.182,0.059,0.172,0.053,,,,,
MT321_OD,0.203,0.058,0.19,0.059,0.189,0.059,0.192,0.05,0.184,0.047,0.175,0.052,0.191,0.052,0.184,0.05,0.176,0.049,,,,,
MT319_OS,0.178,0.047,,,0.187,0.053,0.192,0.05,,,,,0.185,0.053,0.179,0.052,0.188,0.058,,,,,
MT324_OS,0.197,0.049,,,,,0.207,0.053,,,,,0.201,0.049,,,0.104,0.067,,,,,
MT330_OS,0.194,0.052,0.184,0.054,0.184,0.052,0.196,0.061,,,0.192,0.057,0.191,0.056,0.175,0.062,0.166,0.058,,,,,
MT329_OS,0.198,0.053,0.187,0.057,0.193,0.053,0.197,0.064,0.19,0.056,0.19,0.047,0.198,0.052,0.2,0.061,0.186,0.053,,,,,
MT335_OS,0.185,0.052,0.18,0.054,0.183,0.05,0.186,0.058,0.182,0.056,0.181,0.05,0.188,0.065,0.185,0.055,0.172,0.051,,,,,
MT321_OS,0.192,0.05,0.185,0.056,0.18,0.058,0.197,0.047,0.186,0.049,0.182,0.052,0.194,0.064,0.18,0.058,0.173,0.064,,,,,
MT363_OD,0.188,0.05,0.179,0.053,,,0.189,0.054,0.176,0.055,,,0.183,0.049,0.175,0.052,,,,,,,
MT334_OD,0.205,0.055,,,,,0.192,0.052,,,,,0.198,0.052,0.173,0.061,,,,,,,
MT361_OD,0.2,0.062,0.188,0.062,,,0.204,0.047,0.185,0.056,,,0.198,0.056,0.194,0.059,,,,,,,
MT365_OD,0.2,0.56,,,,,0.192,0.055,,,,,0.197,0.052,0.179,0.061,,,,,,,
MT359_OD,0.204,0.059,0.185,0.052,,,0.195,0.055,0.186,0.046,,,0.189,0.059,0.195,0.05,,,,,,,
MT328_OD,0.181,0.054,0.154,0.055,,,0.169,0.062,0.166,0.052,,,0.172,0.059,0.167,0.061,,,,,,,
MT363_OS,0.18,0.046,0.173,0.056,,,0.186,0.044,0.189,0.053,,,0.178,0.05,0.17,0.058,,,,,,,
MT334_OS,0.192,0.059,,,,,0.201,0.056,,,,,0.194,0.049,0.176,0.068,,,,,,,
MT361_OS,0.19,0.05,,,,,0.197,0.053,,,,,0.192,0.059,0.188,0.071,,,,,,,
MT365_OS,0.197,0.056,0.179,0.055,,,0.197,0.055,0.192,0.055,,,0.195,0.047,0.173,0.059,,,,,,,
MT365_OS,0.192,0.049,0.181,0.053,,,0.198,0.046,0.189,0.053,,,0.198,0.047,0.177,0.055,,,,,,,
MT359_OS,0.192,0.052,0.178,0.049,,,0.191,0.046,0.195,0.059,,,0.191,0.059,0.175,0.054,,,,,,,
MT328_OS,0.189,0.046,0.19,0.052,,,0.203,0.053,0.195,0.052,,,0.197,0.055,0.195,0.061,,,,,,,
,,,,,,,,,,,,,,,,,,,,,,,
,,,,,,,,,,,,,,,,,,,,,,,
,,,,,,,,,,,,,,,,,,,,,,,
,,,,,,,,,,,,,,,,,,,,,,,
,,,,,,,,,,,,,,,,,,,,,,,
,,,,,,,,,,,,,,,,,,,,,,,
,,,,,,,,,,,,,,,,,,,,,,,
,,,,,,,,,,,,,,,,,,,,,,,
,,,,,,,,,,,,,,,,,,,,,,,
,,,,,,,,,,,,,,,,,,,,,,,
,,,,,,,,,,,,,,,,,,,,,,,
,,,,,,,,,,,,,,,,,,,,,,,
,,,,,,,,,,,,,,,,,,,,,,,
,,,,,,,,,,,,,,,,,,,,,,,
,,,,,,,,,,,,,,,,,,,,,,,
,,,,,,,,,,,,,,,,,,,,,,,
,,,,,,,,,,,,,,,,,,,,,,,
,,,,,,,,,,,,,,,,,,,,,,,
,,,,,,,,,,,,,,,,,,,,,,,
,,,,,,,,,,,,,,,,,,,,,,,
,,,,,,,,,,,,,,,,,,,,,,,
,,,,,,,,,,,,,,,,,,,,,,,
,,,,,,,,,,,,,,,,,,,,,,,
,,,,,,,,,,,,,,,,,,,,,,,
,,,,,,,,,,,,,,,,,,,,,,,
,,,,,,,,,,,,,,,,,,,,,,,
,,,,,,,,,,,,,,,,,,,,,,,
,,,,,,,,,,,,,,,,,,,,,,,
,,,,,,,,,,,,,,,,,,,,,,,
,,,,,,,,,,,,,,,,,,,,,,,
,,,,,,,,,,,,,,,,,,,,,,,
,,,,,,,,,,,,,,,,,,,,,,,
,,,,,,,,,,,,,,,,,,,,,,,
,,,,,,,,,,,,,,,,,,,,,,,
,,,,,,,,,,,,,,,,,,,,,,,
,,,,,,,,,,,,,,,,,,,,,,,
,,,,,,,,,,,,,,,,,,,,,,,
,,,,,,,,,,,,,,,,,,,,,,,
,,,,,,,,,,,,,,,,,,,,,,,
,,,,,,,,,,,,,,,,,,,,,,,
,,,,,,,,,,,,,,,,,,,,,,,
,,,,,,,,,,,,,,,,,,,,,,,
,,,,,,,,,,,,,,,,,,,,,,,
,,,,,,,,,,,,,,,,,,,,,,,
,,,,,,,,,,,,,,,,,,,,,,,
,,,,,,,,,,,,,,,,,,,,,,,
,,,,,,,,,,,,,,,,,,,,,,,
,,,,,,,,,,,,,,,,,,,,,,,